insert into Funcionario (id, cpf, nome, telefone) values (1, '05124303434', 'Frayda Bellord', '1146871740');
insert into Funcionario (id, cpf, nome, telefone) values (2, '44618337823', 'Valma Iddenden', '7619335750');
insert into Funcionario (id, cpf, nome, telefone) values (3, '39403904876', 'Elnar Cottem', '3452016315');
insert into Funcionario (id, cpf, nome, telefone) values (4, '20017068074', 'Aleksandr Kivlehan', '6874157096');
insert into Funcionario (id, cpf, nome, telefone) values (5, '54001869250', 'Nobe Stansfield', '9375614767');
insert into Funcionario (id, cpf, nome, telefone) values (6, '03449735737', 'Augie Sawford', '6455195445');
insert into Funcionario (id, cpf, nome, telefone) values (7, '34479498457', 'Farand Greensite', '3552855653');
insert into Funcionario (id, cpf, nome, telefone) values (8, '84282724526', 'Mace Jaffrey', '7056282159');
insert into Funcionario (id, cpf, nome, telefone) values (9, '65681025158', 'Hallie Seivertsen', '8289598609');
insert into Funcionario (id, cpf, nome, telefone) values (10, '73684143482', 'Nikos Axelbee', '7817926495');
insert into Funcionario (id, cpf, nome, telefone) values (11, '56485945810', 'Babbette Meaddowcroft', '2695659088');
insert into Funcionario (id, cpf, nome, telefone) values (12, '33796123162', 'Brenna Thrift', '8305600878');
insert into Funcionario (id, cpf, nome, telefone) values (13, '47376018925', 'Garwood Perrottet', '4498281615');
insert into Funcionario (id, cpf, nome, telefone) values (14, '34447047949', 'Ogdon Castellet', '6973843509');
insert into Funcionario (id, cpf, nome, telefone) values (15, '40726565539', 'Giselbert Piff', '3774948497');
insert into Funcionario (id, cpf, nome, telefone) values (16, '51003677004', 'Eugenie Santo', '9264398035');
insert into Funcionario (id, cpf, nome, telefone) values (17, '58915004352', 'Keary Tulloch', '0585468803');
insert into Funcionario (id, cpf, nome, telefone) values (18, '98986040561', 'Jacobo Roke', '1714987500');
insert into Funcionario (id, cpf, nome, telefone) values (19, '70816620927', 'Meriel Benesevich', '1672301838');
insert into Funcionario (id, cpf, nome, telefone) values (20, '25969572299', 'Estevan Orehead', '6014425712');

insert into Funcion_gerente (id, salario) values (1, '4939.17');
insert into Funcion_gerente (id, salario) values (2, '4045.65');
insert into Funcion_gerente (id, salario) values (3, '4297.91');
insert into Funcion_gerente (id, salario) values (4, '4389.50');
insert into Funcion_gerente (id, salario) values (5, '4335.16');
insert into Funcion_gerente (id, salario) values (6, '4124.85');
insert into Funcion_gerente (id, salario) values (7, '4261.45');
insert into Funcion_gerente (id, salario) values (8, '4125.72');
insert into Funcion_gerente (id, salario) values (9, '4658.23');
insert into Funcion_gerente (id, salario) values (10, '4826.20');

insert into Funcion_garcom (id, horas_trab, salario_hora, comissao_atend) values (11, 495, '26.35', '0.84');
insert into Funcion_garcom (id, horas_trab, salario_hora, comissao_atend) values (12, 203, '13.05', '0.55');
insert into Funcion_garcom (id, horas_trab, salario_hora, comissao_atend) values (13, 1241, '12.84', '0.78');
insert into Funcion_garcom (id, horas_trab, salario_hora, comissao_atend) values (14, 960, '29.62', '0.39');
insert into Funcion_garcom (id, horas_trab, salario_hora, comissao_atend) values (15, 356, '15.71', '0.93');
insert into Funcion_garcom (id, horas_trab, salario_hora, comissao_atend) values (16, 81, '14.86', '0.23');
insert into Funcion_garcom (id, horas_trab, salario_hora, comissao_atend) values (17, 68, '18.14', '1.00');
insert into Funcion_garcom (id, horas_trab, salario_hora, comissao_atend) values (18, 1502, '25.69', '0.31');
insert into Funcion_garcom (id, horas_trab, salario_hora, comissao_atend) values (19, 1109, '27.82', '0.47');
insert into Funcion_garcom (id, horas_trab, salario_hora, comissao_atend) values (20, 1975, '24.44', '0.48');

insert into Credencial (login, senha, status_acesso, id) values ('fbellord', 'hYZTxe32', false, 1);
insert into Credencial (login, senha, status_acesso, id) values ('valma.id', 'hgbTgL22', true, 2);
insert into Credencial (login, senha, status_acesso, id) values ('elnar_cottem', 'IlafAs42', false, 3);
insert into Credencial (login, senha, status_acesso, id) values ('ale_kivlehan', 'IbEyLA42', false, 4);
insert into Credencial (login, senha, status_acesso, id) values ('nobe.stansf', 'AGgCAJ92', false, 5);
insert into Credencial (login, senha, status_acesso, id) values ('augiesawford', 'UCDbXp12', true, 6);
insert into Credencial (login, senha, status_acesso, id) values ('farandgreen', 'WDCxWr12', false, 7);
insert into Credencial (login, senha, status_acesso, id) values ('macejaffrey', 'OlyQox92', true, 8);
insert into Credencial (login, senha, status_acesso, id) values ('hallie.seiv', 'KGikyQ62', true, 9);
insert into Credencial (login, senha, status_acesso, id) values ('niko_saxelb', 'LqPlxH62', true, 10);
insert into Credencial (login, senha, status_acesso, id) values ('bab_meaddowcroft', 'xDwhvQ92', true, 11);
insert into Credencial (login, senha, status_acesso, id) values ('brennathrift', 'mEAFce22', true, 12);
insert into Credencial (login, senha, status_acesso, id) values ('garwoodp', 'dpYuVO12', true, 13);
insert into Credencial (login, senha, status_acesso, id) values ('ogcastellet', 'SuwUOn12', true, 14);
insert into Credencial (login, senha, status_acesso, id) values ('giselbertpiff', 'BTdyph82', false, 15);
insert into Credencial (login, senha, status_acesso, id) values ('eugeniesanto', 'GrkFys42', false, 16);
insert into Credencial (login, senha, status_acesso, id) values ('kearytulloch', 'aVUeKW92', false, 17);
insert into Credencial (login, senha, status_acesso, id) values ('jacoboroke', 'smlQeW52', false, 18);
insert into Credencial (login, senha, status_acesso, id) values ('merielben', 'FcEFTn52', true, 19);
insert into Credencial (login, senha, status_acesso, id) values ('estevan_orehead', 'yHwcfe52', true, 20);

insert into Categoria (nome) values ('Porções');
insert into Categoria (nome) values ('Espetinhos');
insert into Categoria (nome) values ('Carnes');
insert into Categoria (nome) values ('Lanches');
insert into Categoria (nome) values ('Sopas');
insert into Categoria (nome) values ('Bebidas');
insert into Categoria (nome) values ('Cervejas Artesanais');
insert into Categoria (nome) values ('Chopps');
insert into Categoria (nome) values ('Drinks');
insert into Categoria (nome) values ('Adicionais');

insert into Departamento (nome, responsavel_por) values ('Cozinha1', 'Porções');
insert into Departamento (nome, responsavel_por) values ('Churrascaria1', 'Espetinhos');
insert into Departamento (nome, responsavel_por) values ('Churrascaria2', 'Carnes');
insert into Departamento (nome, responsavel_por) values ('Cozinha2', 'Lanches');
insert into Departamento (nome, responsavel_por) values ('Cozinha3', 'Adicionais');
insert into Departamento (nome, responsavel_por) values ('Cozinha4', 'Sopas');
insert into Departamento (nome, responsavel_por) values ('Armazenamento Bar1', 'Bebidas');
insert into Departamento (nome, responsavel_por) values ('Armazenamento Bar2', 'Cervejas Artesanais');
insert into Departamento (nome, responsavel_por) values ('Choperia', 'Chopps');
insert into Departamento (nome, responsavel_por) values ('Bar', 'Drinks');

insert into Impressora (nome_depto, id, endereco_ip) values ('Cozinha1', 1, inet_aton('197.200.148.29'));
insert into Impressora (nome_depto, id, endereco_ip) values ('Churrascaria1', 2, inet_aton('145.106.72.32'));
insert into Impressora (nome_depto, id, endereco_ip) values ('Churrascaria2', 3, inet_aton('60.47.140.47'));
insert into Impressora (nome_depto, id, endereco_ip) values ('Cozinha2', 4, inet_aton('49.122.114.28'));
insert into Impressora (nome_depto, id, endereco_ip) values ('Cozinha3', 5, inet_aton('143.91.91.199'));
insert into Impressora (nome_depto, id, endereco_ip) values ('Cozinha4', 6, inet_aton('167.182.223.242'));
insert into Impressora (nome_depto, id, endereco_ip) values ('Armazenamento Bar1', 7, inet_aton('127.43.103.163'));
insert into Impressora (nome_depto, id, endereco_ip) values ('Armazenamento Bar2', 8, inet_aton('197.33.87.121'));
insert into Impressora (nome_depto, id, endereco_ip) values ('Choperia', 9, inet_aton('248.99.183.167'));
insert into Impressora (nome_depto, id, endereco_ip) values ('Bar', 10, inet_aton('222.134.3.96'));

insert into Mesa (numero) values (1);
insert into Mesa (numero) values (2);
insert into Mesa (numero) values (3);
insert into Mesa (numero) values (4);
insert into Mesa (numero) values (5);
insert into Mesa (numero) values (6);
insert into Mesa (numero) values (7);
insert into Mesa (numero) values (8);
insert into Mesa (numero) values (9);
insert into Mesa (numero) values (10);

insert into Atendimento (numero, num_mesa, num_clientes, inicio_atend, fim_atend) values (1, 2, 2, '2022-05-19 18:18:33', '2022-05-19 22:00:59');
insert into Atendimento (numero, num_mesa, num_clientes, inicio_atend, fim_atend) values (2, 7, 1, '2022-05-20 19:09:16', '2022-05-20 21:04:26');
insert into Atendimento (numero, num_mesa, num_clientes, inicio_atend, fim_atend) values (3, 1, 5, '2022-05-21 21:38:01', '2022-05-21 22:10:47');
insert into Atendimento (numero, num_mesa, num_clientes, inicio_atend, fim_atend) values (4, 7, 6, '2022-05-22 21:31:18', '2022-05-22 23:48:54');
insert into Atendimento (numero, num_mesa, num_clientes, inicio_atend, fim_atend) values (5, 1, 6, '2022-05-23 18:45:33', '2022-05-23 20:59:13');
insert into Atendimento (numero, num_mesa, num_clientes, inicio_atend, fim_atend) values (6, 9, 4, '2022-05-24 19:23:35', '2022-05-24 21:26:10');
insert into Atendimento (numero, num_mesa, num_clientes, inicio_atend, fim_atend) values (7, 9, 5, '2022-05-25 20:56:33', '2022-05-25 22:00:28');
insert into Atendimento (numero, num_mesa, num_clientes, inicio_atend, fim_atend) values (8, 7, 3, '2022-05-26 22:44:35', '2022-05-26 23:29:00');
insert into Atendimento (numero, num_mesa, num_clientes, inicio_atend, fim_atend) values (9, 1, 4, '2022-05-27 20:10:25', '2022-05-27 21:20:57');
insert into Atendimento (numero, num_mesa, num_clientes, inicio_atend, fim_atend) values (10, 8, 2, '2022-05-28 18:02:02', '2022-05-28 21:34:11');

insert into Comanda (numero, tipo_pagmnt, hora_pagmnt) values (1, 'Transferência', '2022-05-19 22:00:59');
insert into Comanda (numero, tipo_pagmnt, hora_pagmnt) values (2, 'Cartão de débito', '2022-05-20 21:04:26');
insert into Comanda (numero, tipo_pagmnt, hora_pagmnt) values (3, 'Cartão de débito', '2022-05-21 22:10:47');
insert into Comanda (numero, tipo_pagmnt, hora_pagmnt) values (4, 'Cartão de débito', '2022-05-22 23:48:54');
insert into Comanda (numero, tipo_pagmnt, hora_pagmnt) values (5, 'Dinheiro', '2022-05-23 20:59:13');
insert into Comanda (numero, tipo_pagmnt, hora_pagmnt) values (6, 'PIX', '2022-05-24 21:26:10');
insert into Comanda (numero, tipo_pagmnt, hora_pagmnt) values (7, 'Dinheiro', '2022-05-25 22:00:28');
insert into Comanda (numero, tipo_pagmnt, hora_pagmnt) values (8, 'Cartão de crédito', '2022-05-26 23:29:00');
insert into Comanda (numero, tipo_pagmnt, hora_pagmnt) values (9, 'Cartão de crédito', '2022-05-27 21:20:57');
insert into Comanda (numero, tipo_pagmnt, hora_pagmnt) values (10, 'Transferência', '2022-05-28 21:34:11');

insert into Pedido (numero, emissao, observacoes, num_comanda) values (1, '2021-05-19 19:18:28', null, 1);
insert into Pedido (numero, emissao, observacoes, num_comanda) values (2, '2021-05-20 19:19:19', 'Não precisa de molho', 2);
insert into Pedido (numero, emissao, observacoes, num_comanda) values (3, '2021-05-21 21:50:37', null, 3);
insert into Pedido (numero, emissao, observacoes, num_comanda) values (4, '2022-05-22 21:41:49', 'Espetinho bem passado', 4);
insert into Pedido (numero, emissao, observacoes, num_comanda) values (5, '2022-05-23 18:55:59', null, 5);
insert into Pedido (numero, emissao, observacoes, num_comanda) values (6, '2021-05-24 19:59:46', null, 6);
insert into Pedido (numero, emissao, observacoes, num_comanda) values (7, '2021-05-25 21:13:35', null, 7);
insert into Pedido (numero, emissao, observacoes, num_comanda) values (8, '2021-05-26 22:46:14', null, 8);
insert into Pedido (numero, emissao, observacoes, num_comanda) values (9, '2022-05-27 20:15:45', null, 9);
insert into Pedido (numero, emissao, observacoes, num_comanda) values (10, '2022-05-28 18:03:00', null, 10);

insert into Item_do_menu (id, nome, descricao, foto, video, categoria) values (1, 'Batata Frita', 'Acompanha molho tártaro', 'batata_frita.jpeg', null, 'Porções');
insert into Item_do_menu (id, nome, descricao, foto, video, categoria) values (2, 'Samosas Indiana', 'Deliciosos pasteis veganos com especiarias, acompanha molho mostarda e mel', 'samosas.jpeg', null, 'Porções');
insert into Item_do_menu (id, nome, descricao, foto, video, categoria) values (3, 'Alcatra', 'Acompanha farofa da casa, maionese, vinagrete e batata canoa', 'alcatra.png', 'alcatra.mov', 'Carnes');
insert into Item_do_menu (id, nome, descricao, foto, video, categoria) values (4, 'Fraldinha na Mostarda', 'Acompanha farofa da casa', 'espetinhos.png', 'espetinhos.avi', 'Espetinhos');
insert into Item_do_menu (id, nome, descricao, foto, video, categoria) values (5, 'Cerveja Heineken Zero', 'Produto para maiores de 18 anos', 'keineken.png', null, 'Bebidas');
insert into Item_do_menu (id, nome, descricao, foto, video, categoria) values (6, 'American IPA', 'Abv 6,8 Ibu 66', 'AmericanIpa.png', null, 'Cervejas Artesanais');
insert into Item_do_menu (id, nome, descricao, foto, video, categoria) values (7, 'Bolinho de Linguiça', 'Deliciosos bolinhos de linguiça empanados e fritos, acompanha molho Bbq e tártaro.', 'bolinholinguica.png', null, 'Porções');
insert into Item_do_menu (id, nome, descricao, foto, video, categoria) values (8, 'Gin Tônica', 'Uma dose de gin, água tonica e limão.', 'gin.png', 'gin.mp3', 'Drinks');
insert into Item_do_menu (id, nome, descricao, foto, video, categoria) values (9, 'Maionese', 'Abv 5,0 Ibu 30', 'summerale.jpeg', null, 'Adicionais');
insert into Item_do_menu (id, nome, descricao, foto, video, categoria) values (10, 'Bacon', 'Abv 5,4 Ibu 11', 'weinzenbier.png', null, 'Adicionais');
insert into Item_do_menu (id, nome, descricao, foto, video, categoria) values (11, 'Summer Ale', 'Abv 5,0 Ibu 30', 'summerale.jpeg', null, 'Cervejas Artesanais');
insert into Item_do_menu (id, nome, descricao, foto, video, categoria) values (12, 'Weinzenbier', 'Abv 5,4 Ibu 11', 'weinzenbier.png', null, 'Cervejas Artesanais');

insert into Tamanho (sigla, peso, num_porcoes) values ('U', '*', 1);
insert into Tamanho (sigla, peso, num_porcoes) values ('P', '200g', 1);
insert into Tamanho (sigla, peso, num_porcoes) values ('M', '350g', 2);
insert into Tamanho (sigla, peso, num_porcoes) values ('G', '500g', 3);

insert into Ingrediente (id_item, nome, descricao, procedencia) values (4, 'Alcatra', 'Delicioso corte do boi', 'Fazendas gaúchas');
insert into Ingrediente (id_item, nome, descricao, procedencia) values (4, 'Maionese', 'Feita pela casa', 'Ovos de galinhas felizes');
insert into Ingrediente (id_item, nome, descricao, procedencia) values (4, 'Vinagrete', null, null);
insert into Ingrediente (id_item, nome, descricao, procedencia) values (4, 'Batata Canoa', null, null);
insert into Ingrediente (id_item, nome, descricao, procedencia) values (10, 'Gin', null, null);
insert into Ingrediente (id_item, nome, descricao, procedencia) values (10, 'Água tônica', null, 'Marca Antártica');
insert into Ingrediente (id_item, nome, descricao, procedencia) values (10, 'Limão', 'Limão Taiti', 'Limões selecionados de produtores locais');
insert into Ingrediente (id_item, nome, descricao, procedencia) values (9, 'Linguiça', 'Linguiça colonial', null);
insert into Ingrediente (id_item, nome, descricao, procedencia) values (9, 'Molho Bbq', 'Feito pela casa', null);
insert into Ingrediente (id_item, nome, descricao, procedencia) values (9, 'Molho tártaro', 'Feito pela casa', null);

insert into Item_Adicional (id_item, id_adicional) values (1, 9);
insert into Item_Adicional (id_item, id_adicional) values (1, 10);
insert into Item_Adicional (id_item, id_adicional) values (3, 9);
insert into Item_Adicional (id_item, id_adicional) values (3, 10);
insert into Item_Adicional (id_item, id_adicional) values (2, 10);
insert into Item_Adicional (id_item, id_adicional) values (2, 9);
insert into Item_Adicional (id_item, id_adicional) values (4, 10);
insert into Item_Adicional (id_item, id_adicional) values (4, 9);
insert into Item_Adicional (id_item, id_adicional) values (7, 10);
insert into Item_Adicional (id_item, id_adicional) values (7, 9);

insert into Item_com_Tamanho (preco, id_item, sigla_tam) values ('26.00', 1, 'G');
insert into Item_com_Tamanho (preco, id_item, sigla_tam) values ('20.00', 2, 'M');
insert into Item_com_Tamanho (preco, id_item, sigla_tam) values ('50.00', 3, 'M');
insert into Item_com_Tamanho (preco, id_item, sigla_tam) values ('13.00', 4, 'U');
insert into Item_com_Tamanho (preco, id_item, sigla_tam) values ('9.50', 5, 'U');
insert into Item_com_Tamanho (preco, id_item, sigla_tam) values ('37.00', 6, 'U');
insert into Item_com_Tamanho (preco, id_item, sigla_tam) values ('21.00', 7, 'P');
insert into Item_com_Tamanho (preco, id_item, sigla_tam) values ('20.00', 8, 'U');
insert into Item_com_Tamanho (preco, id_item, sigla_tam) values ('1.50', 9, 'U');
insert into Item_com_Tamanho (preco, id_item, sigla_tam) values ('3.00', 10, 'U');
insert into Item_com_Tamanho (preco, id_item, sigla_tam) values ('32.00', 11, 'U');
insert into Item_com_Tamanho (preco, id_item, sigla_tam) values ('27.00', 12, 'U');

insert into Pedido_tem_Item_com_Tamanho (num_pedido, id_item, sigla_tam) values (1, 1, 'G');
insert into Pedido_tem_Item_com_Tamanho (num_pedido, id_item, sigla_tam) values (2, 2, 'M');
insert into Pedido_tem_Item_com_Tamanho (num_pedido, id_item, sigla_tam) values (3, 3, 'M');
insert into Pedido_tem_Item_com_Tamanho (num_pedido, id_item, sigla_tam) values (4, 4, 'U');
insert into Pedido_tem_Item_com_Tamanho (num_pedido, id_item, sigla_tam) values (5, 5, 'U');
insert into Pedido_tem_Item_com_Tamanho (num_pedido, id_item, sigla_tam) values (6, 6, 'U');
insert into Pedido_tem_Item_com_Tamanho (num_pedido, id_item, sigla_tam) values (7, 7, 'P');
insert into Pedido_tem_Item_com_Tamanho (num_pedido, id_item, sigla_tam) values (8, 8, 'U');
insert into Pedido_tem_Item_com_Tamanho (num_pedido, id_item, sigla_tam) values (9, 9, 'U');
insert into Pedido_tem_Item_com_Tamanho (num_pedido, id_item, sigla_tam) values (10, 10, 'U');
insert into Pedido_tem_Item_com_Tamanho (num_pedido, id_item, sigla_tam) values (1, 11, 'U');
insert into Pedido_tem_Item_com_Tamanho (num_pedido, id_item, sigla_tam) values (2, 12, 'U');

insert into Garcom_atende_Mesa (gorjeta, hora_atend, id_garcom, num_mesa) values (null, '2021-05-19 18:50:33', 20, 2);
insert into Garcom_atende_Mesa (gorjeta, hora_atend, id_garcom, num_mesa) values ('5.23', '2021-05-19 19:18:33', 11, 2);
insert into Garcom_atende_Mesa (gorjeta, hora_atend, id_garcom, num_mesa) values (null, '2022-05-23 18:45:33', 17, 1);
insert into Garcom_atende_Mesa (gorjeta, hora_atend, id_garcom, num_mesa) values ('6.04', '2022-05-26 02:35:29', 16, 6);
insert into Garcom_atende_Mesa (gorjeta, hora_atend, id_garcom, num_mesa) values (null, '2021-05-25 21:00:33', 17, 9);
insert into Garcom_atende_Mesa (gorjeta, hora_atend, id_garcom, num_mesa) values (null, '2021-05-25 21:15:33', 15, 9);
insert into Garcom_atende_Mesa (gorjeta, hora_atend, id_garcom, num_mesa) values (null, '2021-05-25 21:17:33', 18, 9);
insert into Garcom_atende_Mesa (gorjeta, hora_atend, id_garcom, num_mesa) values (null, '2022-05-27 20:15:25', 15, 1);
insert into Garcom_atende_Mesa (gorjeta, hora_atend, id_garcom, num_mesa) values (null, '2022-05-28 18:22:02', 12, 8);
insert into Garcom_atende_Mesa (gorjeta, hora_atend, id_garcom, num_mesa) values (null, '2022-05-28 19:03:02', 15, 8);